ID,Address,Country,Date,Dept_Code,Email,Job,Prefix,First Name,Last Name,SSN,Sex,Blood,Phone
Md-001,"280 Mark Walk Apt. 054, Ashleychester, OH 41405",Sierra Leone,11/10/2021,Dept-004,jack15@example.org,Job-001,Mx.,Russell,Lopez,093-57-7007,Male,A+,0983-9108-115
Md-002,"0864 Jennifer Rapid, Lake Jamesside, NY 79782",Gambia,6/17/1990,Dept-007,cherylwilliamson@example.com,Job-002,Mx.,James,Williams,588-70-2083,Female,B-,069-1161-819
Md-003,"9016 Turner Shoals, East Maryfurt, DE 04671",Lao People's Democratic Republic,7/27/1979,Dept-010,herrerajohn@example.com,Job-002,Mrs.,John,Higgins,489-28-5401,Male,O+,0116-6896-328
Md-004,"3840 Vargas Drive, North Brandonberg, CO 36306",Ukraine,7/23/2001,Dept-015,christopher56@example.com,Job-001,Mr.,Karen,Johnson,714-47-6315,Female,A-,0431-7225-195
Md-005,"806 Wheeler Shore Suite 068, Blakefurt, RI 22825",French Southern Territories,3/29/2000,Dept-001,andrewmercado@example.net,Job-001,Dr.,Linda,Barker,363-79-0523,Female,B-,0958-3868-750
Md-006,"696 Kelly Isle Apt. 595, Daviston, AK 82441",Turkey,5/23/2006,Dept-015,amandajohnson@example.com,Job-001,Mr.,Alexandria,Torres,488-57-6072,Male,O-,0490-3641-329
Md-007,"PSC 3713, Box 2105, APO AA 27544",Nicaragua,2/15/1990,Dept-006,angela15@example.org,Job-001,Ind.,Stephanie,Walker,861-89-3798,Male,A-,0504-1102-906
Md-008,"50907 Steven Course, Garciaborough, CA 01974",Thailand,9/2/1989,Dept-001,rosesamuel@example.com,Job-001,Dr.,Zachary,Frederick,232-92-1881,Male,AB-,0340-5179-423
Md-009,"493 Ashley Valley Suite 713, East Jessica, PA 67237",Indonesia,9/9/2019,Dept-015,nathaniel37@example.org,Job-002,Mr.,Debbie,Ibarra,487-67-7580,Male,O+,085-1509-495
Md-010,"5417 Strong Island Suite 754, North Jameschester, OR 20710",South Georgia and the South Sandwich Islands,12/11/1990,Dept-004,audreygood@example.net,Job-001,Dr.,Laura,Zuniga,139-59-1618,Male,A+,0302-8366-709
Md-011,"047 Murray Mountains Suite 497, West Elizabeth, WV 76934",Pitcairn Islands,10/7/1982,Dept-007,lwilliams@example.com,Job-001,Mrs.,Vincent,Carrillo,505-19-7690,Female,A+,0261-6886-375
Md-012,"73932 Daniel Heights Apt. 196, Patrickshire, FL 71270",Paraguay,4/23/1985,Dept-003,patricia82@example.org,Job-002,Mr.,William,Arnold,418-12-2595,Female,B+,0891-5637-787
Md-013,"49667 Logan Bypass Suite 518, North Teresa, ND 75672",Iran,6/16/1993,Dept-006,nicole19@example.org,Job-001,Dr.,Sandra,Buck,295-56-6713,Female,AB-,0743-4726-773
Md-014,"273 Kelly Knolls Apt. 721, South Kevin, IN 85839",Fiji,2/22/2005,Dept-004,snyderjonathan@example.org,Job-001,Dr.,Heather,Huang,650-25-7701,Female,A+,0477-8618-042
Md-015,"7251 Melissa Islands Apt. 269, Bestfurt, TX 17801",French Polynesia,3/2/1990,Dept-008,leslie57@example.org,Job-002,Mrs.,Justin,Carroll,881-99-2568,Female,B-,0422-5389-470
Md-016,"501 Mariah Cliff, North Matthewport, ID 70775",Senegal,3/19/2021,Dept-006,wilcoxrandy@example.org,Job-001,Mr.,Melanie,Perkins,010-88-3125,Male,O+,0258-2020-407
Md-017,"071 Karen Villages, Alvarezville, NJ 54429",Australia,12/5/1999,Dept-007,khunter@example.net,Job-001,Mx.,Julia,Owens,778-31-6263,Female,AB-,0893-6663-251
Md-018,"7817 Lewis Burgs, Maryburgh, AZ 19393",South Africa,11/15/1985,Dept-013,patrickholland@example.org,Job-001,Mr.,Karen,Bonilla,525-32-3204,Male,AB+,0194-2323-177
Md-019,"Unit 6252 Box 1338, DPO AA 53525",Saudi Arabia,1/1/2019,Dept-011,leevanessa@example.org,Job-001,Mx.,Tristan,Mcmahon,204-88-4005,Female,A+,0162-9433-977
Md-020,"87157 Robert Mountain Suite 685, Theresafort, OH 01513",Brazil,5/6/2020,Dept-008,sandovalmark@example.org,Job-001,Dr.,Raymond,Johnson,457-47-1188,Male,A+,0588-8385-254
Md-021,"11470 Thomas Ways, Alexandramouth, RI 53873",Comoros,5/20/1986,Dept-014,owensjesse@example.org,Job-001,Mr.,Lori,Taylor,205-70-3041,Male,AB-,0929-7263-532
Md-022,"94884 Jones Ports Apt. 164, Matthewshire, OR 19251",Andorra,7/29/1975,Dept-013,travisrandolph@example.net,Job-001,Ms.,Bianca,Jordan,652-13-7893,Male,A+,0522-7827-907
Md-023,"10521 Aaron Coves, Lake Rebeccaport, ID 53375",Macao,1/21/2007,Dept-005,andrewsteresa@example.com,Job-001,Mr.,Jeffrey,Henderson,709-55-6316,Female,B-,0665-0965-541
Md-024,"PSC 3730, Box 6693, APO AP 83003",Mauritius,6/22/2015,Dept-011,kelly66@example.net,Job-001,Mr.,Katherine,Davis,231-83-8521,Female,A-,0525-8825-272
Md-025,"17645 Diamond Ways Apt. 326, West Michael, HI 84195",Seychelles,1/25/2008,Dept-015,corteztimothy@example.org,Job-002,Mrs.,Heather,Curtis,104-80-6949,Female,O+,0227-5380-179
Md-026,"82918 Carolyn Plains, North Pamela, VA 91074",Kyrgyz Republic,11/23/1983,Dept-014,wgarrett@example.net,Job-001,Mx.,Erika,Gonzales,286-60-8051,Male,O-,0493-3639-426
Md-027,"2274 Victoria Springs, Richardstown, NV 15323",Christmas Island,4/25/2019,Dept-004,smithashley@example.com,Job-002,Mx.,Timothy,Mclean,538-67-7851,Male,B-,0983-8999-127
Md-028,"12653 Allen Spring Apt. 422, Christophershire, AL 98988",Brunei Darussalam,3/30/1984,Dept-006,katherinesnyder@example.net,Job-001,Dr.,Misty,Ramirez,548-06-6750,Male,AB-,0468-7398-491
Md-029,"3418 James Rapid Apt. 919, New Angelaport, KS 96693",Tokelau,5/16/2004,Dept-003,michael65@example.org,Job-001,Mrs.,Jason,Ray,076-60-7744,Male,A+,0689-7778-227
